,Age,Role,email,employeed_id,id,main_country,name,seniority,surname
0,39,Sales rep,julia.navarro@happycompany.com,1501,101,es,Julia,8, Navarro
0,45,Sales rep,asia.palmieri@happycompany.com,1502,102,it,Asia,2,Palmieri
0,30,Sales rep,emma.nunez@happycompany.com,1503,103,es,Emma,10, Nunez
0,41,Sales rep,andres.blanco@happycompany.com,1504,104,es,Andres,3, Blanco
0,41,Sales rep,antonio.pagano@happycompany.com,1505,105,it,Antonio,2,Pagano
0,34,Sales rep,olivia.johnson@happycompany.com,1506,106,uk,Olivia,7,Johnson
0,38,Sales rep,toby.hobbs@happycompany.com,1507,107,uk,Toby,6,Hobbs
0,36,Sales rep,giorgia.damico@happycompany.com,1508,108,it,Giorgia,3,D'Amico
0,38,Sales rep,leonard.arnould@happycompany.com,1509,109,fr,Leonard,1,Arnould
0,51,Sales rep,george.mckenzie@happycompany.com,1510,110,uk,George,9,Mckenzie
0,39,Sales rep,sophoon.varga@happycompany.com,1511,111,gr,Sophoon,3,Varga
0,38,Sales rep,martin.rodriguez@happycompany.com,1512,112,es,Martin,3, Rodriguez
0,41,Sales rep,domenico.rossi@happycompany.com,1513,113,it,Domenico,6,Rossi
0,45,Sales rep,dexter.moss@happycompany.com,1514,114,uk,Dexter,2,Moss
0,47,Sales rep,benedetta.santoro@happycompany.com,1515,115,it,Benedetta,7,Santoro
0,46,Sales rep,noe.jan@happycompany.com,1516,116,fr,Noe,5,Jan
0,33,Sales rep,neo.nagy@happycompany.com,1517,117,gr,Neo,6,Nagy
0,38,Sales rep,salvatore.ferretti@happycompany.com,1518,118,it,Salvatore,2,Ferretti
0,50,Sales rep,pelagia.olah@happycompany.com,1519,119,gr,Pelagia,2,Oláh
0,55,Sales rep,caesar.lakatos@happycompany.com,1520,120,gr,Caesar ,2,Lakatos
0,27,Sales rep,catherine.farkas@happycompany.com,1521,121,gr,Catherine,3,Farkas
0,42,Sales rep,matthew.lamb@happycompany.com,1522,122,uk,Matthew,7,Lamb
0,27,Sales rep,daniele.fontana@happycompany.com,1523,123,it,Daniele,3,Fontana
0,31,Sales rep,luigi.dagostino@happycompany.com,1524,124,it,Luigi,3,D'Agostino
0,47,Sales rep,blanca.nunez@happycompany.com,1525,125,es,Blanca,5, Nunez
0,40,Sales rep,melissa.bianchi@happycompany.com,1526,126,it,Melissa,10,Bianchi
0,37,Sales rep,electra.horvath@happycompany.com,1527,127,gr,Electra,6,Horváth
0,28,Sales rep,gabrielle.prat@happycompany.com,1528,128,fr,Gabrielle,5,Prat
0,47,Sales rep,eden.sicard@happycompany.com,1529,129,fr,Eden,10,Sicard
0,48,Sales rep,lewis.gardner@happycompany.com,1530,130,uk,Lewis,3,Gardner
0,48,Sales rep,arlo.mitchell@happycompany.com,1531,131,uk,Arlo,7,Mitchell
0,31,Sales rep,leah.wilkinson@happycompany.com,1532,132,uk,Leah,7,Wilkinson
0,35,Sales rep,francesco.conte@happycompany.com,1533,133,it,Francesco,10,Conte
0,40,Sales rep,samuel.piras@happycompany.com,1534,134,it,Samuel,6,Piras
0,44,Sales rep,freddie.storey@happycompany.com,1535,135,uk,Freddie,1,Storey
0,53,Sales rep,elisa.mendez@happycompany.com,1536,136,es,Elisa,10, Mendez
0,31,Sales rep,riccardo.rinaldi@happycompany.com,1537,137,it,Riccardo,3,Rinaldi
0,42,Sales rep,christian.distefano@happycompany.com,1538,138,it,Christian,5,Di Stefano
0,43,Sales rep,lucie.chevallier@happycompany.com,1539,139,fr,Lucie,4,Chevallier
0,34,Sales rep,zoe.diaz@happycompany.com,1540,140,es,Zoe,10, Diaz
0,30,Sales rep,leonardo.ferraro@happycompany.com,1541,141,it,Leonardo,5,Ferraro
0,34,Sales rep,ange.kovacs@happycompany.com,1542,142,gr,Ange,1,Kovács
0,29,Sales rep,luigi.battaglia@happycompany.com,1543,143,it,Luigi,2,Battaglia
0,28,Sales rep,zenaida.horvath@happycompany.com,1544,144,gr,Zenaida,1,Horváth
0,30,Sales rep,andrea.fabbri@happycompany.com,1545,145,it,Andrea,1,Fabbri
0,47,Sales rep,margaret.kovacs@happycompany.com,1546,146,gr,Margaret,7,Kovács
0,45,Sales rep,ryan.nolan@happycompany.com,1547,147,uk,Ryan,5,Nolan
0,55,Sales rep,valentina.conti@happycompany.com,1548,148,it,Valentina,4,Conti
0,29,Sales rep,emanuele.lombardo@happycompany.com,1549,149,it,Emanuele,8,Lombardo
0,44,Sales rep,enrique.castillo@happycompany.com,1550,150,es,Enrique,8, Castillo
0,45,Sales rep,joseph.foucher@happycompany.com,1551,151,fr,Joseph,6,Foucher
0,52,Sales rep,iolanthe.meszaros@happycompany.com,1552,152,gr,Iolanthe,9,Mészáros
0,54,Sales rep,vasilios.juhasz@happycompany.com,1553,153,gr,Vasilios,10,Juhász
0,26,Sales rep,lina.morel@happycompany.com,1554,154,fr,Lina,10,Morel
0,49,Sales rep,alejandro.delgado@happycompany.com,1555,155,es,Alejandro,6, Delgado
0,53,Sales rep,adele.derosa@happycompany.com,1556,156,it,Adele,2,De Rosa
0,32,Sales rep,leo.szabo@happycompany.com,1557,157,gr,Leo ,6,Szabó
0,39,Sales rep,aster.lakatos@happycompany.com,1558,158,gr,Aster,9,Lakatos
0,41,Sales rep,joseph.duncan@happycompany.com,1559,159,uk,Joseph,4,Duncan
0,47,Sales rep,camille.samson@happycompany.com,1560,160,fr,Camille,9,Samson
0,37,Sales rep,gaia.molnar@happycompany.com,1561,161,gr,Gaia,2,Molnár
0,52,Sales rep,mateo.garcia@happycompany.com,1562,162,es,Mateo,8,Garcia
0,27,Sales rep,alex.king@happycompany.com,1563,163,uk,Alex,3,King
0,37,Sales rep,amir.rolland@happycompany.com,1564,164,fr,Amir,1,Rolland
0,36,Sales rep,cloe.delgado@happycompany.com,1565,165,es,Cloe,3, Delgado
0,52,Sales rep,riccardo.monti@happycompany.com,1566,166,it,Riccardo,2,Monti
0,46,Sales rep,miles.nemeth@happycompany.com,1567,167,gr,Miles ,4,Németh
0,35,Sales rep,alicia.gil@happycompany.com,1568,168,es,Alicia,6, Gil
0,38,Sales rep,rory.page@happycompany.com,1569,169,uk,Rory,7,Page
0,48,Sales rep,adam.barnett@happycompany.com,1570,170,uk,Adam,4,Barnett
0,31,Sales rep,joel.sanchez@happycompany.com,1571,171,es,Joel,4, Sanchez
0,32,Sales rep,william.hodgson@happycompany.com,1572,172,uk,William,5,Hodgson
0,42,Sales rep,orrin.lakatos@happycompany.com,1573,173,gr,Orrin ,3,Lakatos
0,53,Sales rep,peggy.takacs@happycompany.com,1574,174,gr,Peggy,5,Takács
0,53,Sales rep,victoire.chatelain@happycompany.com,1575,175,fr,Victoire,7,Chatelain
0,53,Sales rep,noemi.cattaneo@happycompany.com,1576,176,it,Noemi,9,Cattaneo
0,35,Sales rep,sofia.franco@happycompany.com,1577,177,it,Sofia,2,Franco
0,28,Sales rep,samuele.martino@happycompany.com,1578,178,it,Samuele,4,Martino
0,37,Sales rep,miguelangel.perez@happycompany.com,1579,179,es,Miguel Angel,4, Perez
0,48,Sales rep,mattia.franco@happycompany.com,1580,180,it,Mattia,3,Franco
0,26,Sales rep,olivia.ramirez@happycompany.com,1581,181,es,Olivia,4, Ramirez
0,49,Sales rep,darius.horvath@happycompany.com,1582,182,gr,Darius ,4,Horváth
0,53,Sales rep,logan.pritchard@happycompany.com,1583,183,uk,Logan,2,Pritchard
0,43,Sales rep,hyacinth.molnar@happycompany.com,1584,184,gr,Hyacinth,9,Molnár
0,41,Sales rep,magdalen.papp@happycompany.com,1585,185,gr,Magdalen,9,Papp
0,33,Sales rep,maryam.skua@happycompany.com,1586,186,fr,Maryam,10,skua
0,52,Sales rep,riccardo.derosa@happycompany.com,1587,187,it,Riccardo,8,De Rosa
0,48,Sales rep,antonio.fernandez@happycompany.com,1588,188,es,Antonio,3, Fernandez
0,51,Sales rep,laia.serrano@happycompany.com,1589,189,es,Laia,1, Serrano
0,26,Sales rep,sofia.coles@happycompany.com,1590,190,uk,Sofia,7,Coles
0,31,Sales rep,victor.dupont@happycompany.com,1591,191,fr,Victor,1,Dupont
0,55,Sales rep,lola.wright@happycompany.com,1592,192,uk,Lola,10,Wright
0,29,Sales rep,ulysse.deshayes@happycompany.com,1593,193,fr,Ulysse,10,Deshayes
0,26,Sales rep,dorian.kovacs@happycompany.com,1594,194,gr,Dorian,8,Kovács
0,32,Sales rep,samuele.caputo@happycompany.com,1595,195,it,Samuele,1,Caputo
0,31,Sales rep,lou.lang@happycompany.com,1596,196,fr,Lou,7,Lang
0,52,Sales rep,margherita.deangelis@happycompany.com,1597,197,it,Margherita,9,De Angelis
0,31,Sales rep,antonio.rizzi@happycompany.com,1598,198,it,Antonio,8,Rizzi
0,41,Sales rep,mehdi.lefeuvre@happycompany.com,1599,199,fr,Mehdi,4,Lefeuvre
0,31,Sales rep,theodore.loiseau@happycompany.com,1600,200,fr,Theodore,1,Loiseau
0,44,Sales rep,arianna.ferretti@happycompany.com,1601,201,it,Arianna,3,Ferretti
0,46,Sales rep,aminta.takacs@happycompany.com,1602,202,gr,Aminta,3,Takács
0,55,Sales rep,robin.marquet@happycompany.com,1603,203,fr,Robin,6,Marquet
0,41,Sales rep,imogen.coleman@happycompany.com,1604,204,uk,Imogen,1,Coleman
0,37,Sales rep,paula.herrero@happycompany.com,1605,205,es,Paula,9, Herrero
0,37,Sales rep,agnes.horvath@happycompany.com,1606,206,gr,Agnes,5,Horváth
0,28,Sales rep,marta.monti@happycompany.com,1607,207,it,Marta,8,Monti
0,45,Sales rep,nerea.vazquez@happycompany.com,1608,208,es,Nerea,2, Vazquez
0,49,Sales rep,triana.calvo@happycompany.com,1609,209,es,Triana,8, Calvo
0,45,Sales rep,diandra.varga@happycompany.com,1610,210,gr,Diandra,8,Varga
0,30,Sales rep,david.suarez@happycompany.com,1611,211,es,David,1, Suarez
0,43,Sales rep,eleonora.benedetti@happycompany.com,1612,212,it,Eleonora,2,Benedetti
0,54,Sales rep,valentina.ferraro@happycompany.com,1613,213,it,Valentina,9,Ferraro
0,44,Sales rep,alejandro.moya@happycompany.com,1614,214,es,Alejandro,9, Moya
0,38,Sales rep,mariam.menard@happycompany.com,1615,215,fr,Mariam,8,Menard
0,37,Sales rep,mario.diaz@happycompany.com,1616,216,es,Mario,9, Diaz
0,34,Sales rep,gabriel.forster@happycompany.com,1617,217,uk,Gabriel,7,Forster
0,28,Sales rep,fatoumata.champion@happycompany.com,1618,218,fr,Fatoumata,3,Champion
0,43,Sales rep,gaia.orlando@happycompany.com,1619,219,it,Gaia,2,Orlando
0,33,Sales rep,alejandra.garcia@happycompany.com,1620,220,es,Alejandra,1,Garcia
0,27,Sales rep,niamh.dickinson@happycompany.com,1621,221,uk,Niamh,6,Dickinson
0,52,Sales rep,carla.mora@happycompany.com,1622,222,es,Carla,10, Mora
0,33,Sales rep,sophia.miles@happycompany.com,1623,223,uk,Sophia,4,Miles
0,28,Sales rep,africa.ibanez@happycompany.com,1624,224,es,Africa,4, Ibanez
0,48,Sales rep,mara.gutierrez@happycompany.com,1625,225,es,Mara,4, Gutierrez
0,32,Sales rep,rodrigo.crespo@happycompany.com,1626,226,es,Rodrigo,9, Crespo
0,48,Sales rep,raemonia.nemeth@happycompany.com,1627,227,gr,Raemonia,6,Németh
0,27,Sales rep,hector.leclercq@happycompany.com,1628,228,fr,Hector,4,Leclercq
0,35,Sales rep,arkadina.nagy@happycompany.com,1629,229,gr,Arkadina,3,Nagy
0,43,Sales rep,isaac.turnbull@happycompany.com,1630,230,uk,Isaac,2,Turnbull
0,26,Sales rep,george.heath@happycompany.com,1631,231,uk,George,6,Heath
0,38,Sales rep,nour.door@happycompany.com,1632,232,fr,Nour,4,Door
0,55,Sales rep,miguel.suarez@happycompany.com,1633,233,es,Miguel,1, Suarez
0,36,Sales rep,emma.foster@happycompany.com,1634,234,uk,Emma,8,Foster
0,45,Sales rep,lola.rousseau@happycompany.com,1635,235,fr,Lola,1,Rousseau
0,32,Sales rep,jaime.moya@happycompany.com,1636,236,es,Jaime,1, Moya
0,53,Sales rep,lucas.mendez@happycompany.com,1637,237,es,Lucas,6, Mendez
0,28,Sales rep,gonzalo.gil@happycompany.com,1638,238,es,Gonzalo,1, Gil
0,40,Sales rep,chloe.blanco@happycompany.com,1639,239,es,Chloe,9, Blanco
0,39,Sales rep,angelo.fontana@happycompany.com,1640,240,it,Angelo,8,Fontana
0,43,Sales rep,beatrice.bernardi@happycompany.com,1641,241,it,Beatrice,10,Bernardi
0,44,Sales rep,oscar.izquierdo@happycompany.com,1642,242,es,Oscar,3, Izquierdo
0,49,Sales rep,noa.aguilar@happycompany.com,1643,243,es,Noa,8, Aguilar
0,37,Sales rep,elena.fiore@happycompany.com,1644,244,it,Elena,1,Fiore
0,31,Sales rep,gabin.fox@happycompany.com,1645,245,fr,Gabin,10,Fox
0,47,Sales rep,adele.marchetti@happycompany.com,1646,246,it,Adele,8,Marchetti
0,43,Sales rep,reuben.goddard@happycompany.com,1647,247,uk,Reuben,10,Goddard
0,32,Sales rep,lexi.hunt@happycompany.com,1648,248,uk,Lexi,5,Hunt
0,47,Sales rep,martina.morales@happycompany.com,1649,249,es,Martina,8, Morales
0,34,Sales rep,nora.vila@happycompany.com,1650,250,es,Nora,10, Vila
0,34,Sales rep,alma.alvarez@happycompany.com,1651,251,es,Alma,8, Alvarez
0,54,Sales rep,ezra.baldwin@happycompany.com,1652,252,uk,Ezra,4,Baldwin
0,51,Sales rep,amarantha.papp@happycompany.com,1653,253,gr,Amarantha,8,Papp
0,47,Sales rep,guillermo.nieto@happycompany.com,1654,254,es,Guillermo,8, Nieto
0,26,Sales rep,valentine.castel@happycompany.com,1655,255,fr,Valentine,9,Castel
0,42,Sales rep,aaron.finch@happycompany.com,1656,256,uk,Aaron,10,Finch
0,39,Sales rep,christian.fabbri@happycompany.com,1657,257,it,Christian,6,Fabbri
0,39,Sales rep,diana.martinez@happycompany.com,1658,258,es,Diana,1, Martinez
0,29,Sales rep,cleora.fekete@happycompany.com,1659,259,gr,Cleora,6,Fekete
0,35,Sales rep,diego.giuliani@happycompany.com,1660,260,it,Diego,9,Giuliani
0,51,Sales rep,juliette.rivet@happycompany.com,1661,261,fr,Juliette,9,Rivet
0,29,Sales rep,adrian.caballero@happycompany.com,1662,262,es,Adrian,6, Caballero
0,33,Sales rep,nathan.carr@happycompany.com,1663,263,uk,Nathan,10,Carr
0,26,Sales rep,iker.rodriguez@happycompany.com,1664,264,es,Iker,3, Rodriguez
0,41,Sales rep,chloe.franklin@happycompany.com,1665,265,uk,Chloe,1,Franklin
0,44,Sales rep,ismael.gibert@happycompany.com,1666,266,fr,Ismael,3,Gibert
0,44,Sales rep,diantha.fekete@happycompany.com,1667,267,gr,Diantha,9,Fekete
0,26,Sales rep,sienna.wallace@happycompany.com,1668,268,uk,Sienna,6,Wallace
0,50,Sales rep,eva.herrera@happycompany.com,1669,269,es,Eva,3, Herrera
0,34,Sales rep,victoria.ibanez@happycompany.com,1670,270,es,Victoria,4, Ibanez
0,44,Sales rep,triana.ramirez@happycompany.com,1671,271,es,Triana,5, Ramirez
0,27,Sales rep,albert.nixon@happycompany.com,1672,272,uk,Albert,2,Nixon
0,32,Sales rep,dido.balogh@happycompany.com,1673,273,gr,Dido,6,Balogh
0,43,Sales rep,viola.ferrara@happycompany.com,1674,274,it,Viola,5,Ferrara
0,54,Sales rep,freddie.gardiner@happycompany.com,1675,275,uk,Freddie,5,Gardiner
0,31,Sales rep,oscar.thefloch@happycompany.com,1676,276,fr,Oscar,1,The Floch
0,51,Sales rep,leon.duncan@happycompany.com,1677,277,uk,Leon,8,Duncan
0,34,Sales rep,rebecca.palmieri@happycompany.com,1678,278,it,Rebecca,3,Palmieri
0,45,Sales rep,maria.silvestri@happycompany.com,1679,279,it,Maria,8,Silvestri
0,34,Sales rep,kassia.meszaros@happycompany.com,1680,280,gr,Kassia,8,Mészáros
0,39,Sales rep,liam.leveque@happycompany.com,1681,281,fr,Liam,8,Leveque
0,32,Sales rep,aria.weston@happycompany.com,1682,282,uk,Aria,8,Weston
0,52,Sales rep,nuria.duran@happycompany.com,1683,283,es,Nuria,2, Duran
0,44,Sales rep,aurora.moretti@happycompany.com,1684,284,it,Aurora,6,Moretti
0,40,Sales rep,jesse.hall@happycompany.com,1685,285,uk,Jesse,8,Hall
0,40,Sales rep,obelia.horvath@happycompany.com,1686,286,gr,Obelia,6,Horváth
0,31,Sales rep,manuel.morelli@happycompany.com,1687,287,it,Manuel,9,Morelli
0,34,Sales rep,lucie.glassblower@happycompany.com,1688,288,fr,Lucie,1,glass-blower
0,47,Sales rep,philomela.takacs@happycompany.com,1689,289,gr,Philomela,1,Takács
0,51,Sales rep,samuel.navarro@happycompany.com,1690,290,es,Samuel,5, Navarro
0,41,Sales rep,leonard.chollet@happycompany.com,1691,291,fr,Leonard,2,Chollet
0,42,Sales rep,elektra.meszaros@happycompany.com,1692,292,gr,Elektra,8,Mészáros
0,49,Sales rep,martina.bianchi@happycompany.com,1693,293,it,Martina,4,Bianchi
0,35,Sales rep,cora.horvath@happycompany.com,1694,294,gr,Cora,3,Horváth
0,38,Sales rep,laura.rodriguez@happycompany.com,1695,295,es,Laura,10, Rodriguez
0,30,Sales rep,angel.ruiz@happycompany.com,1696,296,es,Angel,3, Ruiz
0,37,Sales rep,ianthe.papp@happycompany.com,1697,297,gr,Ianthe,10,Papp
0,31,Sales rep,naia.medina@happycompany.com,1698,298,es,Naia,5, Medina
0,51,Sales rep,juliette.roger@happycompany.com,1699,299,fr,Juliette,6,Roger
0,40,Sales rep,dennis.molnar@happycompany.com,1700,300,gr,Dennis ,9,Molnár
0,46,Sales rep,anaïs.legendre@happycompany.com,1701,301,fr,Anaïs,2,Legendre
0,29,Sales rep,albert.welch@happycompany.com,1702,302,uk,Albert,10,Welch
0,29,Sales rep,ana.diez@happycompany.com,1703,303,es,Ana,3, Diez
0,54,Sales rep,anna.rees@happycompany.com,1704,304,uk,Anna,2,Rees
0,38,Sales rep,charlotte.humphries@happycompany.com,1705,305,uk,Charlotte,2,Humphries
0,38,Sales rep,elena.papp@happycompany.com,1706,306,gr,Elena,6,Papp
0,33,Sales rep,liam.alexander@happycompany.com,1707,307,fr,Liam,6,Alexander
0,32,Sales rep,ereni.szabo@happycompany.com,1708,308,gr,Ereni,4,Szabó
0,50,Sales rep,luna.romero@happycompany.com,1709,309,fr,Luna,10,Romero
0,47,Sales rep,beth.bolton@happycompany.com,1710,310,uk,Beth,8,Bolton
0,36,Sales rep,candela.velasco@happycompany.com,1711,311,es,Candela,7, Velasco
0,35,Sales rep,lily.leclerc@happycompany.com,1712,312,fr,Lily,1,Leclerc
0,37,Sales rep,filippo.ferri@happycompany.com,1713,313,it,Filippo,1,Ferri
0,33,Sales rep,julia.bradley@happycompany.com,1714,314,uk,Julia,9,Bradley
0,55,Sales rep,asia.pagano@happycompany.com,1715,315,it,Asia,9,Pagano
0,40,Sales rep,antoine.roth@happycompany.com,1716,316,fr,Antoine,3,Roth
0,46,Sales rep,federico.guerra@happycompany.com,1717,317,it,Federico,2,Guerra
0,49,Sales rep,sophia.mignot@happycompany.com,1718,318,fr,Sophia,2,Mignot
0,42,Sales rep,josemanuel.lorenzo@happycompany.com,1719,319,es,Jose Manuel,2, Lorenzo
0,54,Sales rep,michele.conte@happycompany.com,1720,320,it,Michele,10,Conte
0,36,Sales rep,leo.medina@happycompany.com,1721,321,es,Leo,3, Medina
0,26,Sales rep,anna.davey@happycompany.com,1722,322,uk,Anna,4,Davey
0,49,Sales rep,margot.lecuyer@happycompany.com,1723,323,fr,Margot,4,Lecuyer
0,31,Sales rep,antonio.crespo@happycompany.com,1724,324,es,Antonio,4, Crespo
0,48,Sales rep,maria.pellegrino@happycompany.com,1725,325,it,Maria,4,Pellegrino
0,27,Sales rep,marco.ferrara@happycompany.com,1726,326,it,Marco,9,Ferrara
0,29,Sales rep,sofia.rossetti@happycompany.com,1727,327,it,Sofia,3,Rossetti
0,35,Sales rep,darian.molnar@happycompany.com,1728,328,gr,Darian,4,Molnár
0,55,Sales rep,marc.garrido@happycompany.com,1729,329,es,Marc,9, Garrido
0,35,Sales rep,zoie.varga@happycompany.com,1730,330,gr,Zoie,7,Varga
0,34,Sales rep,marius.teyssier@happycompany.com,1731,331,fr,Marius,2,Teyssier
0,55,Sales rep,freya.herbert@happycompany.com,1732,332,uk,Freya,2,Herbert
0,40,Sales rep,pierre.thery@happycompany.com,1733,333,fr,Pierre,5,Thery
0,37,Sales rep,ilyes.drouet@happycompany.com,1734,334,fr,Ilyes,8,Drouet
0,53,Sales rep,dorothea.papp@happycompany.com,1735,335,gr,Dorothea,3,Papp
0,28,Sales rep,samuele.ferraro@happycompany.com,1736,336,it,Samuele,4,Ferraro
0,43,Sales rep,simone.serra@happycompany.com,1737,337,it,Simone,7,Serra
0,41,Sales rep,ines.zimmermann@happycompany.com,1738,338,fr,Ines,4,Zimmermann
0,30,Sales rep,aya.carrasco@happycompany.com,1739,339,es,Aya,4, Carrasco
0,55,Sales rep,liam.veron@happycompany.com,1740,340,fr,Liam,3,Veron
0,54,Sales rep,damiana.takacs@happycompany.com,1741,341,gr,Damiana,1,Takács
0,32,Sales rep,fantasia.balogh@happycompany.com,1742,342,gr,Fantasia,3,Balogh
0,43,Sales rep,thais.kovacs@happycompany.com,1743,343,gr,Thais,5,Kovács
0,41,Sales rep,petrina.olah@happycompany.com,1744,344,gr,Petrina,7,Oláh
0,28,Sales rep,luke.matthews@happycompany.com,1745,345,uk,Luke,3,Matthews
0,40,Sales rep,laura.grassi@happycompany.com,1746,346,it,Laura,4,Grassi
0,34,Sales rep,lola.rodriguez@happycompany.com,1747,347,es,Lola,10, Rodriguez
0,36,Sales rep,melia.farkas@happycompany.com,1748,348,gr,Melia,2,Farkas
0,29,Sales rep,brooke.frost@happycompany.com,1749,349,uk,Brooke,1,Frost
0,33,Sales rep,indigo.nemeth@happycompany.com,1750,350,gr,Indigo,1,Németh
0,44,Sales rep,aritz.moreno@happycompany.com,1751,351,es,Aritz,7, Moreno
0,52,Sales rep,doris.varga@happycompany.com,1752,352,gr,Doris,5,Varga
0,40,Sales rep,axel.menard@happycompany.com,1753,353,fr,Axel,1,Menard
0,51,Sales rep,louis.jones@happycompany.com,1754,354,uk,Louis,3,Jones
0,28,Sales rep,luna.fuentes@happycompany.com,1755,355,es,Luna,4, Fuentes
0,50,Sales rep,alonso.calvo@happycompany.com,1756,356,es,Alonso,2, Calvo
0,50,Sales rep,amira.molina@happycompany.com,1757,357,es,Amira,2, Molina
0,40,Sales rep,alessandro.colombo@happycompany.com,1758,358,it,Alessandro,5,Colombo
0,27,Sales rep,gabriel.dawson@happycompany.com,1759,359,uk,Gabriel,6,Dawson
0,55,Sales rep,arianna.papp@happycompany.com,1760,360,gr,Arianna,2,Papp
0,27,Sales rep,ruben.fuentes@happycompany.com,1761,361,es,Ruben,7, Fuentes
0,41,Sales rep,alessandra.cattaneo@happycompany.com,1762,362,it,Alessandra,3,Cattaneo
0,37,Sales rep,saul.gil@happycompany.com,1763,363,es,Saul,5, Gil
0,51,Sales rep,sarah.magnier@happycompany.com,1764,364,fr,Sarah,3,Magnier
0,42,Sales rep,victoria.bastien@happycompany.com,1765,365,fr,Victoria,8,Bastien
0,54,Sales rep,elias.navarro@happycompany.com,1766,366,fr,Elias,4,Navarro
0,26,Sales rep,chloe.blanco@happycompany.com,1767,367,es,Chloe,9, Blanco
0,48,Sales rep,emily.schofield@happycompany.com,1768,368,uk,Emily,1,Schofield
0,27,Sales rep,rayan.duval@happycompany.com,1769,369,fr,Rayan,9,Duval
0,28,Sales rep,giacomo.grasso@happycompany.com,1770,370,it,Giacomo,9,Grasso
0,46,Sales rep,david.hernandez@happycompany.com,1771,371,es,David,10, Hernandez
0,27,Sales rep,margaux.jouan@happycompany.com,1772,372,fr,Margaux,3,Jouan
0,35,Sales rep,theone.nemeth@happycompany.com,1773,373,gr,Theone,9,Németh
0,35,Sales rep,peggy.juhasz@happycompany.com,1774,374,gr,Peggy,3,Juhász
0,42,Sales rep,antoine.ofyours@happycompany.com,1775,375,fr,Antoine,9,Of yours
0,31,Sales rep,tasoula.fekete@happycompany.com,1776,376,gr,Tasoula,4,Fekete
0,44,Sales rep,valentine.lightweight@happycompany.com,1777,377,fr,Valentine,6,Lightweight
0,46,Sales rep,claudia.diaz@happycompany.com,1778,378,es,Claudia,1, Diaz
0,44,Sales rep,anaïs.pollet@happycompany.com,1779,379,fr,Anaïs,3,Pollet
0,48,Sales rep,irene.moreno@happycompany.com,1780,380,es,Irene,6, Moreno
0,31,Sales rep,mia.ly@happycompany.com,1781,381,fr,Mia,9,Ly
0,35,Sales rep,crisanta.balogh@happycompany.com,1782,382,gr,Crisanta,6,Balogh
0,54,Sales rep,jaime.ramirez@happycompany.com,1783,383,es,Jaime,2, Ramirez
0,37,Sales rep,anaïs.tessier@happycompany.com,1784,384,fr,Anaïs,2,Tessier
0,37,Sales rep,samuel.rinaldi@happycompany.com,1785,385,it,Samuel,7,Rinaldi
0,42,Sales rep,gaia.barbieri@happycompany.com,1786,386,it,Gaia,8,Barbieri
0,35,Sales rep,benedetta.palmieri@happycompany.com,1787,387,it,Benedetta,8,Palmieri
0,55,Sales rep,guillermo.gonzalez@happycompany.com,1788,388,es,Guillermo,10, Gonzalez
0,30,Sales rep,alma.thiery@happycompany.com,1789,389,fr,Alma,6,Thiery
0,53,Sales rep,gaia.russo@happycompany.com,1790,390,it,Gaia,2,Russo
0,36,Sales rep,evie.osullivan@happycompany.com,1791,391,uk,Evie,8,O'sullivan
0,31,Sales rep,adam.mann@happycompany.com,1792,392,uk,Adam,8,Mann
0,44,Sales rep,salvatore.grassi@happycompany.com,1793,393,it,Salvatore,6,Grassi
0,47,Sales rep,aïcha.doucet@happycompany.com,1794,394,fr,Aïcha,5,Doucet
0,36,Sales rep,miriam.gutierrez@happycompany.com,1795,395,es,Miriam,3, Gutierrez
0,54,Sales rep,fantasia.juhasz@happycompany.com,1796,396,gr,Fantasia,2,Juhász
0,26,Sales rep,melany.farkas@happycompany.com,1797,397,gr,Melany,6,Farkas
0,52,Sales rep,george.fekete@happycompany.com,1798,398,gr,George ,4,Fekete
0,34,Sales rep,olivia.beard@happycompany.com,1799,399,fr,Olivia,7,Beard
0,39,Sales rep,lola.farrell@happycompany.com,1800,400,uk,Lola,5,Farrell
0,37,Sales rep,jenson.clark@happycompany.com,1801,401,uk,Jenson,4,Clark
0,52,Sales rep,cressida.balogh@happycompany.com,1802,402,gr,Cressida,8,Balogh
0,53,Sales rep,inaya.glassblower@happycompany.com,1803,403,fr,Inaya,7,glass-blower
0,38,Sales rep,liam.molina@happycompany.com,1804,404,es,Liam,4, Molina
0,40,Sales rep,giulia.sala@happycompany.com,1805,405,it,Giulia,3,Sala
0,41,Sales rep,miriam.deangelis@happycompany.com,1806,406,it,Miriam,5,De Angelis
0,44,Sales rep,hannah.mckenzie@happycompany.com,1807,407,uk,Hannah,6,Mckenzie
0,38,Sales rep,aaron.gilbert@happycompany.com,1808,408,uk,Aaron,9,Gilbert
0,33,Sales rep,salvatore.santoro@happycompany.com,1809,409,it,Salvatore,6,Santoro
0,26,Sales rep,rory.shah@happycompany.com,1810,410,uk,Rory,3,Shah
0,53,Sales rep,rhea.szabo@happycompany.com,1811,411,gr,Rhea,8,Szabó
0,30,Sales rep,elidi.varga@happycompany.com,1812,412,gr,Elidi,3,Varga
0,54,Sales rep,jacopo.sorrentino@happycompany.com,1813,413,it,Jacopo,3,Sorrentino
0,40,Sales rep,sergio.calvo@happycompany.com,1814,414,es,Sergio,6, Calvo
0,38,Sales rep,africa.ruiz@happycompany.com,1815,415,es,Africa,6, Ruiz
0,50,Sales rep,iliana.kovacs@happycompany.com,1816,416,gr,Iliana,7,Kovács
0,42,Sales rep,egan.molnar@happycompany.com,1817,417,gr,Egan ,4,Molnár
0,44,Sales rep,mago.olah@happycompany.com,1818,418,gr,Mago,8,Oláh
0,27,Sales rep,noam.lucas@happycompany.com,1819,419,fr,Noam,8,Lucas
0,49,Sales rep,elena.ferrara@happycompany.com,1820,420,it,Elena,5,Ferrara
0,39,Sales rep,daniela.izquierdo@happycompany.com,1821,421,es,Daniela,10, Izquierdo
0,35,Sales rep,maria.calvo@happycompany.com,1822,422,es,Maria,2, Calvo
0,51,Sales rep,elia.palumbo@happycompany.com,1823,423,it,Elia,3,Palumbo
0,39,Sales rep,timothee.thestrong@happycompany.com,1824,424,fr,Timothée,4,The strong
0,39,Sales rep,paul.vivier@happycompany.com,1825,425,fr,Paul,8,Vivier
0,37,Sales rep,vincenzo.fabbri@happycompany.com,1826,426,it,Vincenzo,4,Fabbri
0,39,Sales rep,zenobia.meszaros@happycompany.com,1827,427,gr,Zenobia,10,Mészáros
0,34,Sales rep,tyler.mills@happycompany.com,1828,428,uk,Tyler,5,Mills
0,35,Sales rep,vadim.porter@happycompany.com,1829,429,fr,Vadim,3,Porter
0,54,Sales rep,elena.russo@happycompany.com,1830,430,it,Elena,9,Russo
0,27,Sales rep,david.french@happycompany.com,1831,431,uk,David,6,French
0,39,Sales rep,alessandra.cattaneo@happycompany.com,1832,432,it,Alessandra,1,Cattaneo
0,37,Sales rep,alma.alvarez@happycompany.com,1833,433,es,Alma,10, Alvarez
0,45,Sales rep,asia.castelli@happycompany.com,1834,434,it,Asia,3,Castelli
0,36,Sales rep,michele.conte@happycompany.com,1835,435,it,Michele,3,Conte
0,54,Sales rep,damiana.nagy@happycompany.com,1836,436,gr,Damiana,10,Nagy
0,38,Sales rep,carter.howe@happycompany.com,1837,437,uk,Carter,4,Howe
0,48,Sales rep,constance.faure@happycompany.com,1838,438,fr,Constance,7,Faure
0,42,Sales rep,alizka.meszaros@happycompany.com,1839,439,gr,Alizka,2,Mészáros
0,40,Sales rep,louise.berthelot@happycompany.com,1840,440,fr,Louise,6,Berthelot
0,42,Sales rep,carlos.lozano@happycompany.com,1841,441,es,Carlos,10, Lozano
0,50,Sales rep,yasmine.bonneau@happycompany.com,1842,442,fr,Yasmine,5,Bonneau
0,30,Sales rep,samuele.conte@happycompany.com,1843,443,it,Samuele,9,Conte
0,53,Sales rep,ayla.french@happycompany.com,1844,444,uk,Ayla,7,French
0,39,Sales rep,annys.horvath@happycompany.com,1845,445,gr,Annys,1,Horváth
0,54,Sales rep,alice.sicard@happycompany.com,1846,446,fr,Alice,7,Sicard
0,47,Sales rep,lola.vincent@happycompany.com,1847,447,uk,Lola,1,Vincent
0,55,Sales rep,lydia.lakatos@happycompany.com,1848,448,gr,Lydia,6,Lakatos
0,36,Sales rep,agathe.meyer@happycompany.com,1849,449,fr,Agathe,2,Meyer
0,27,Sales rep,electa.szabo@happycompany.com,1850,450,gr,Electa,6,Szabó
0,26,Sales rep,sara.good@happycompany.com,1851,451,fr,Sara,7,Good
0,34,Sales rep,emanuele.e@happycompany.com,1852,452,it,Emanuele,6,e
0,38,Sales rep,stefania.horvath@happycompany.com,1853,453,gr,Stefania,3,Horváth
0,55,Sales rep,lena.courtin@happycompany.com,1854,454,fr,Lena,6,Courtin
0,35,Sales rep,noa.herrero@happycompany.com,1855,455,es,Noa,10, Herrero
0,32,Sales rep,narcissa.horvath@happycompany.com,1856,456,gr,Narcissa,10,Horváth
0,31,Sales rep,antonio.sala@happycompany.com,1857,457,it,Antonio,8,Sala
0,34,Sales rep,leyre.vila@happycompany.com,1858,458,es,Leyre,1, Vila
0,44,Sales rep,carlotta.franco@happycompany.com,1859,459,it,Carlotta,8,Franco
0,40,Sales rep,mohammed.parkes@happycompany.com,1860,460,uk,Mohammed,5,Parkes
0,49,Sales rep,ines.berthier@happycompany.com,1861,461,fr,Ines,3,Berthier
0,41,Sales rep,sapphira.szabo@happycompany.com,1862,462,gr,Sapphira,6,Szabó
0,49,Sales rep,fatoumata.mendes@happycompany.com,1863,463,fr,Fatoumata,4,Mendes
0,36,Sales rep,raffaele.rossetti@happycompany.com,1864,464,it,Raffaele,10,Rossetti
0,50,Sales rep,emanuele.valente@happycompany.com,1865,465,it,Emanuele,10,Valente
0,35,Sales rep,marta.guerra@happycompany.com,1866,466,it,Marta,9,Guerra
0,51,Sales rep,liam.pastor@happycompany.com,1867,467,es,Liam,8, Pastor
0,49,Sales rep,ilena.szabo@happycompany.com,1868,468,gr,Ilena,8,Szabó
0,47,Sales rep,psyche.lakatos@happycompany.com,1869,469,gr,Psyche,1,Lakatos
0,30,Sales rep,dylan.curtis@happycompany.com,1870,470,uk,Dylan,2,Curtis
0,39,Sales rep,carmen.serrano@happycompany.com,1871,471,es,Carmen,1, Serrano
0,35,Sales rep,lina.ollivier@happycompany.com,1872,472,fr,Lina,2,Ollivier
0,44,Sales rep,amir.millot@happycompany.com,1873,473,fr,Amir,8,Millot
0,50,Sales rep,alice.bellini@happycompany.com,1874,474,it,Alice,9,Bellini
0,43,Sales rep,charmian.meszaros@happycompany.com,1875,475,gr,Charmian,4,Mészáros
0,36,Sales rep,eve.harvey@happycompany.com,1876,476,uk,Eve,8,Harvey
0,39,Sales rep,aster.papp@happycompany.com,1877,477,gr,Aster,9,Papp
0,27,Sales rep,francesca.colombo@happycompany.com,1878,478,it,Francesca,5,Colombo
0,33,Sales rep,nicola.horvath@happycompany.com,1879,479,gr,Nicola,4,Horváth
0,42,Sales rep,pancras.papp@happycompany.com,1880,480,gr,Pancras,2,Papp
0,51,Sales rep,elena.barone@happycompany.com,1881,481,it,Elena,3,Barone
0,29,Sales rep,ambre.roman@happycompany.com,1882,482,fr,Ambre,4,Roman
0,42,Sales rep,martin.dubreuil@happycompany.com,1883,483,fr,Martin,7,Dubreuil
0,31,Sales rep,sara.allard@happycompany.com,1884,484,fr,Sara,6,Allard
0,31,Sales rep,dario.lopez@happycompany.com,1885,485,es,Dario,4, Lopez
0,43,Sales rep,elena.letellier@happycompany.com,1886,486,fr,Elena,8,Letellier
0,47,Sales rep,angelina.meszaros@happycompany.com,1887,487,gr,Angelina,3,Mészáros
0,43,Sales rep,arlo.carey@happycompany.com,1888,488,uk,Arlo,2,Carey
0,35,Sales rep,thesally.racz@happycompany.com,1889,489,gr,Thesally,10,Rácz
0,29,Sales rep,thalassa.balogh@happycompany.com,1890,490,gr,Thalassa,1,Balogh
0,48,Sales rep,noah.ortega@happycompany.com,1891,491,es,Noah,10, Ortega
0,47,Sales rep,ane.fernandez@happycompany.com,1892,492,es,Ane,4, Fernandez
0,49,Sales rep,anaïs.lefeuvre@happycompany.com,1893,493,fr,Anaïs,6,Lefeuvre
0,47,Sales rep,isaac.arnold@happycompany.com,1894,494,uk,Isaac,3,Arnold
0,48,Sales rep,scarlett.gardiner@happycompany.com,1895,495,uk,Scarlett,1,Gardiner
0,55,Sales rep,miriam.palmieri@happycompany.com,1896,496,it,Miriam,5,Palmieri
0,29,Sales rep,natalia.alonso@happycompany.com,1897,497,es,Natalia,7, Alonso
0,43,Sales rep,eric.jimenez@happycompany.com,1898,498,es,Eric,3, Jimenez
0,48,Sales rep,simone.morelli@happycompany.com,1899,499,it,Simone,7,Morelli
0,28,Sales rep,ludovica.martino@happycompany.com,1900,500,it,Ludovica,3,Martino
0,50,Sales rep,edoardo.bianco@happycompany.com,1901,501,it,Edoardo,8,Bianco
0,46,Sales rep,yasmine.berthet@happycompany.com,1902,502,fr,Yasmine,6,Berthet
0,41,Sales rep,benedetta.sorrentino@happycompany.com,1903,503,it,Benedetta,9,Sorrentino
0,33,Sales rep,gaia.kovacs@happycompany.com,1904,504,gr,Gaia,5,Kovács
0,40,Sales rep,jacopo.marini@happycompany.com,1905,505,it,Jacopo,1,Marini
0,30,Sales rep,rory.young@happycompany.com,1906,506,uk,Rory,7,Young
0,34,Sales rep,cybele.kovacs@happycompany.com,1907,507,gr,Cybele,10,Kovács
0,54,Sales rep,laura.pinto@happycompany.com,1908,508,fr,Laura,9,Pinto
0,54,Sales rep,salma.gonzalez@happycompany.com,1909,509,es,Salma,7, Gonzalez
0,53,Sales rep,sienna.heath@happycompany.com,1910,510,uk,Sienna,5,Heath
0,41,Sales rep,leah.herbert@happycompany.com,1911,511,uk,Leah,1,Herbert
0,31,Sales rep,iris.ofthegarden@happycompany.com,1912,512,fr,Iris,7,Of the garden
0,29,Sales rep,davide.bianchi@happycompany.com,1913,513,it,Davide,2,Bianchi
0,48,Sales rep,samuele.mariani@happycompany.com,1914,514,it,Samuele,1,Mariani
0,30,Sales rep,luna.cano@happycompany.com,1915,515,es,Luna,1, Cano
0,43,Sales rep,alessia.rizzi@happycompany.com,1916,516,it,Alessia,2,Rizzi
0,36,Sales rep,arianna.owens@happycompany.com,1917,517,uk,Arianna,5,Owens
0,40,Sales rep,margot.baudin@happycompany.com,1918,518,fr,Margot,1,Baudin
0,54,Sales rep,timothee.chevallier@happycompany.com,1919,519,fr,Timothée,9,Chevallier
0,47,Sales rep,mireia.ferrer@happycompany.com,1920,520,es,Mireia,3, Ferrer
0,38,Sales rep,noe.dias@happycompany.com,1921,521,fr,Noe,6,Dias
0,27,Sales rep,andrea.conti@happycompany.com,1922,522,it,Andrea,3,Conti
0,40,Sales rep,teddy.duncan@happycompany.com,1923,523,uk,Teddy,10,Duncan
0,53,Sales rep,giulia.herve@happycompany.com,1924,524,fr,Giulia,2,Herve
0,33,Sales rep,andrea.derosa@happycompany.com,1925,525,it,Andrea,6,De Rosa
0,42,Sales rep,rocio.morales@happycompany.com,1926,526,es,Rocio,4, Morales
0,35,Sales rep,michele.dagostino@happycompany.com,1927,527,it,Michele,1,D'Agostino
0,32,Sales rep,zoe.mitchell@happycompany.com,1928,528,uk,Zoe,2,Mitchell
0,53,Sales rep,luca.nicholson@happycompany.com,1929,529,uk,Luca,5,Nicholson
0,37,Sales rep,evan.toth@happycompany.com,1930,530,gr,Evan ,4,Tóth
0,39,Sales rep,kosta.balogh@happycompany.com,1931,531,gr,Kosta,8,Balogh
0,55,Sales rep,liam.bigot@happycompany.com,1932,532,fr,Liam,7,Bigot
0,55,Sales rep,evan.georges@happycompany.com,1933,533,fr,Evan,10,Georges
0,35,Sales rep,theresa.balogh@happycompany.com,1934,534,gr,Theresa,2,Balogh
0,42,Sales rep,noam.lopez@happycompany.com,1935,535,fr,Noam,5,Lopez
0,33,Sales rep,zoe.girault@happycompany.com,1936,536,fr,Zoe,4,Girault
0,37,Sales rep,noah.aguilar@happycompany.com,1937,537,es,Noah,6, Aguilar
0,49,Sales rep,omega.olah@happycompany.com,1938,538,gr,Omega,9,Oláh
0,44,Sales rep,ainara.gomez@happycompany.com,1939,539,es,Ainara,7, Gomez
0,37,Sales rep,inaya.rossi@happycompany.com,1940,540,fr,Inaya,4,Rossi
0,41,Sales rep,katie.phillips@happycompany.com,1941,541,uk,Katie,5,Phillips
0,43,Sales rep,lucy.connor@happycompany.com,1942,542,uk,Lucy,3,Connor
0,34,Sales rep,chiara.rossi@happycompany.com,1943,543,it,Chiara,6,Rossi
0,28,Sales rep,nuria.marquez@happycompany.com,1944,544,es,Nuria,6, Marquez
0,36,Sales rep,olivia.cabrera@happycompany.com,1945,545,es,Olivia,10, Cabrera
0,26,Sales rep,sara.ramos@happycompany.com,1946,546,es,Sara,4, Ramos
0,47,Sales rep,noelia.cortes@happycompany.com,1947,547,es,Noelia,1, Cortes
0,43,Sales rep,leo.vazquez@happycompany.com,1948,548,es,Leo,4, Vazquez
0,26,Sales rep,alessandro.lombardo@happycompany.com,1949,549,it,Alessandro,8,Lombardo
0,34,Sales rep,echo.meszaros@happycompany.com,1950,550,gr,Echo,1,Mészáros
0,27,Sales rep,valentina.romeo@happycompany.com,1951,551,it,Valentina,4,Romeo
0,38,Sales rep,enzo.brand@happycompany.com,1952,552,fr,Enzo,10,brand
0,41,Sales rep,mario.martin@happycompany.com,1953,553,es,Mario,4, Martin
0,33,Sales rep,louis.white@happycompany.com,1954,554,fr,Louis,8,White
0,46,Sales rep,orion.fekete@happycompany.com,1955,555,gr,Orion,3,Fekete
0,44,Sales rep,angelo.piras@happycompany.com,1956,556,it,Angelo,1,Piras
0,52,Sales rep,eulala.varga@happycompany.com,1957,557,gr,Eulala,5,Varga
0,38,Sales rep,elijah.campbell@happycompany.com,1958,558,uk,Elijah,10,Campbell
0,41,Sales rep,gabriel.dubreuil@happycompany.com,1959,559,fr,Gabriel,1,Dubreuil
0,51,Sales rep,isabel.reyes@happycompany.com,1960,560,es,Isabel,4, Reyes
0,55,Sales rep,auguste.swift@happycompany.com,1961,561,fr,Auguste,3,swift
0,48,Sales rep,phoebe.blackburn@happycompany.com,1962,562,uk,Phoebe,5,Blackburn
0,36,Sales rep,nicolas.foucault@happycompany.com,1963,563,fr,Nicolas,6,Foucault
0,50,Sales rep,alessia.basile@happycompany.com,1964,564,it,Alessia,9,Basile
0,50,Sales rep,alma.morales@happycompany.com,1965,565,es,Alma,3, Morales
0,44,Sales rep,nicole.rizzo@happycompany.com,1966,566,it,Nicole,10,Rizzo
0,46,Sales rep,ines.chauvet@happycompany.com,1967,567,fr,Ines,2,Chauvet
0,33,Sales rep,carlos.gonzalez@happycompany.com,1968,568,es,Carlos,6, Gonzalez
0,55,Sales rep,liam.reyes@happycompany.com,1969,569,es,Liam,10, Reyes
0,34,Sales rep,elsa.combes@happycompany.com,1970,570,fr,Elsa,6,Combes
0,34,Sales rep,elliot.bond@happycompany.com,1971,571,uk,Elliot,10,Bond
0,36,Sales rep,ian.moreno@happycompany.com,1972,572,es,Ian,10, Moreno
0,31,Sales rep,lara.gonzalez@happycompany.com,1973,573,es,Lara,8, Gonzalez
0,34,Sales rep,eduardo.dominguez@happycompany.com,1974,574,es,Eduardo,1, Dominguez
0,28,Sales rep,matteo.costa@happycompany.com,1975,575,it,Matteo,10,Costa
0,35,Sales rep,alike.nagy@happycompany.com,1976,576,gr,Alike,5,Nagy
0,50,Sales rep,alexandria.simon@happycompany.com,1977,577,gr,Alexandria,7,Simon
0,37,Sales rep,albert.wong@happycompany.com,1978,578,uk,Albert,2,Wong
0,34,Sales rep,enzo.dressmaker@happycompany.com,1979,579,fr,Enzo,2,dressmaker
0,50,Sales rep,alberto.saez@happycompany.com,1980,580,es,Alberto,2, Saez
0,50,Sales rep,abril.soto@happycompany.com,1981,581,es,Abril,8, Soto
0,55,Sales rep,agnes.simon@happycompany.com,1982,582,gr,Agnes,2,Simon
0,43,Sales rep,popi.kiss@happycompany.com,1983,583,gr,Popi,8,Kiss
0,54,Sales rep,laia.lopez@happycompany.com,1984,584,es,Laia,9, Lopez
0,34,Sales rep,rodrigo.gonzalez@happycompany.com,1985,585,es,Rodrigo,1, Gonzalez
0,28,Sales rep,nuria.velasco@happycompany.com,1986,586,es,Nuria,10, Velasco
0,39,Sales rep,arianna.woods@happycompany.com,1987,587,uk,Arianna,1,Woods
0,44,Sales rep,camille.valiant@happycompany.com,1988,588,fr,Camille,10,Valiant
0,34,Sales rep,elsa.fromtheoven@happycompany.com,1989,589,fr,Elsa,5,From the oven
0,55,Sales rep,eva.andre@happycompany.com,1990,590,fr,Eva,10,Andre
0,41,Sales rep,irene.varga@happycompany.com,1991,591,gr,Irene,7,Varga
0,53,Sales rep,noelia.garcia@happycompany.com,1992,592,es,Noelia,7,Garcia
0,55,Sales rep,magdalen.simon@happycompany.com,1993,593,gr,Magdalen,10,Simon
0,35,Sales rep,violante.szabo@happycompany.com,1994,594,gr,Violante,2,Szabó
0,43,Sales rep,adrian.lozano@happycompany.com,1995,595,es,Adrian,5, Lozano
0,42,Sales rep,noelia.mendez@happycompany.com,1996,596,es,Noelia,1, Mendez
0,50,Sales rep,vittoria.sanna@happycompany.com,1997,597,it,Vittoria,7,Sanna
0,39,Sales rep,victoria.gillet@happycompany.com,1998,598,fr,Victoria,3,Gillet
0,32,Sales rep,nicolas.pastor@happycompany.com,1999,599,es,Nicolas,10, Pastor
0,46,Sales rep,archie.hartley@happycompany.com,2000,600,uk,Archie,2,Hartley
